TITLE,LINK
Download Lake-FLT,https://www.game3rb.com/lake/
Download Burn Me Alive-DARKSiDERS,https://www.game3rb.com/burn-me-alive/
Download RimWorld v1.2.3005 with OnLine + v1.3.3107 rev882,https://www.game3rb.com/rimworld-online/
Download Keep Talking and Nobody Explodes v1.9.24 + OnLine,https://www.game3rb.com/keep-talking-and-nobody-explodes/
Download Hot Lava v1.0.474477-ENZO + OnLine,https://www.game3rb.com/hot-lava/
Download Arctico v08.29.2021-ENZO + OnLine,https://www.game3rb.com/arctico/
Download UBOAT Build 129 v27,https://www.game3rb.com/uboat/
Download Tormented Souls v0.7.2.1,https://www.game3rb.com/tormented-souls/
Download The Immortal Mayor v0.4.10,https://www.game3rb.com/the-immortal-mayor/
Download Gordian Quest Build 20210830,https://www.game3rb.com/gordian-quest-build/
Download Legion War v2.0.11,https://www.game3rb.com/download-legion-war/
Download Dorfromantik v0.2.0.2,https://www.game3rb.com/dorfromantik/
Download Cats in Time v31.08.2021,https://www.game3rb.com/cats-in-time/
Download Uncrashed FPV Drone Simulator-PLAZA,https://www.game3rb.com/uncrashed-fpv-drone-simulator/
Download OPUS Echo of Starsong-CODEX,https://www.game3rb.com/opus-echo-of-starsong/
Download Guts And Goals-GoldBerg,https://www.game3rb.com/guts-and-goals/
Download METAL DOGS,https://www.game3rb.com/metal-dogs/
Download Marfusha-GoldBerg,https://www.game3rb.com/marfusha/
Download Mount and Blade II Bannerlord e1.6.1.Hotfix,https://www.game3rb.com/mount-and-blade-ii-bannerlord/
Download Tale of Immortal,https://www.game3rb.com/tale-of-immortal/
Download Phasmophobia v0.3.0.2 + OnLine,https://www.game3rb.com/phasmophobia/
Download PICO PARK Build 07272021-ENZO + OnLine,https://www.game3rb.com/pico-park/
Download Aliens: Fireteam Elite Build 08252021 + OnLine,https://www.game3rb.com/aliens-fireteam-elite/
Download BIGFOOT v4.0 Build 08272021-ENZO + Online,https://www.game3rb.com/bigfoot-online/
Download Sea of ​​Thieves v2.103.908.2-OSB79 + Update 2.104.656.2 AIO + OnLine,https://www.game3rb.com/sea-of-thieves/
Download Zero Hour v9.1.1 + OnLine,https://www.game3rb.com/zero-hour/
Download The Forest v1.12-ENZO + OnLine,https://www.game3rb.com/the-forest/
Download ICARUS Beta,https://www.game3rb.com/icarus/
Download DayZ v1.13.154025 + Dedicated Server Files + OnLine,https://www.game3rb.com/dayz/
Download Voidtrain v6849 + OnLine,https://www.game3rb.com/voidtrain/
